,,,,,,
,,,,,,
,,,,,,
,,,,,,
,Region,Institution Type,Enrolled Students,Faculty,Ratio,Year
,01 - Ilocos Region,Private,140765,3437,1:41,2024
,01 - Ilocos Region,SUC,103763,4717,1:22,2024
,01 - Ilocos Region,LUC,32493,,,2024
,01 - Ilocos Region,OGS,0,0,0,2024
,02 - Cagayan Valley,Private,90728,3078,1:29,2024
,02 - Cagayan Valley,SUC,109914,2201,1:50,2024
,02 - Cagayan Valley,LUC,0,0,0,2024
,02 - Cagayan Valley,OGS,0,0,0,2024
,03 - Central Luzon,Private,240488,8132,1:30,2024
,03 - Central Luzon,SUC,221992,6235,1:36,2024
,03 - Central Luzon,LUC,64073,,,2024
,03 - Central Luzon,OGS,0,0,0,2024
,04 - CALABARZON,Private,357706,13778,1:26,2024
,04 - CALABARZON,SUC,244174,6879,1:35,2024
,04 - CALABARZON,LUC,74401,,,2024
,04 - CALABARZON,OGS,1075,,,2024
,05 - Bicol Region,Private,142395,5288,1:27,2024
,05 - Bicol Region,SUC,120279,5825,1:21,2024
,05 - Bicol Region,LUC,56938,,,2024
,05 - Bicol Region,OGS,0,0,0,2024
,06 - Western Visayas,Private,179636,7426,1:24,2024
,06 - Western Visayas,SUC,179444,4475,1:40,2024
,06 - Western Visayas,LUC,30926,,,2024
,06 - Western Visayas,OGS,0,0,0,2024
,07 - Central Visayas,Private,231628,8733,1:27,2024
,07 - Central Visayas,SUC,136194,9394,1:14,2024
,07 - Central Visayas,LUC,39200,,,2024
,07 - Central Visayas,OGS,0,0,0,2024
,08 - Eastern Visayas,Private,65594,2195,1:30,2024
,08 - Eastern Visayas,SUC,141785,3616,1:39,2024
,08 - Eastern Visayas,LUC,11111,,,2024
,08 - Eastern Visayas,OGS,0,0,0,2024
,09 - Zamboanga Peninsula,Private,76445,3095,1:25,2024
,09 - Zamboanga Peninsula,SUC,87758,3748,1:23,2024
,09 - Zamboanga Peninsula,LUC,4095,,,2024
,09 - Zamboanga Peninsula,OGS,0,0,0,2024
,10 - Northern Mindanao,Private,126312,4330,1:29,2024
,10 - Northern Mindanao,SUC,86584,4522,1:19,2024
,10 - Northern Mindanao,LUC,42320,,,2024
,10 - Northern Mindanao,OGS,0,0,0,2024
,11 - Davao Region,Private,178361,6533,1:27,2024
,11 - Davao Region,SUC,54266,5300,1:10,2024
,11 - Davao Region,LUC,25832,,,2024
,11 - Davao Region,OGS,0,0,0,2024
,12 - Socsksargen,Private,170517,3605,1:47,2024
,12 - Socsksargen,SUC,50886,4326,1:12,2024
,12 - Socsksargen,LUC,7036,,,2024
,12 - Socsksargen,OGS,0,0,0,2024
,13 - Nat. Capital Region,Private,507077,23460,1:22,2024
,13 - Nat. Capital Region,SUC,179836,10777,1:17,2024
,13 - Nat. Capital Region,LUC,107403,,,2024
,13 - Nat. Capital Region,OGS,932,,,2024
,14 - Cordillera Adm. Region,Private,87947,2162,1:41,2024
,14 - Cordillera Adm. Region,SUC,61896,1711,1:36,2024
,14 - Cordillera Adm. Region,LUC,0,0,0,2024
,14 - Cordillera Adm. Region,OGS,0,0,0,2024
,16 - Caraga,Private,60425,2192,1:28,2024
,16 - Caraga,SUC,62612,1759,1:36,2024
,16 - Caraga,LUC,982,,,2024
,16 - Caraga,OGS,0,0,0,2024
,17 - MIMAROPA,Private,45125,1254,1:36,2024
,17 - MIMAROPA,SUC,94617,2386,1:40,2024
,17 - MIMAROPA,LUC,4643,,,2024
,17 - MIMAROPA,OGS,0,0,0,2024
,Ilocos Region ,Private,273,11,1:25,2019
,Ilocos Region ,Private,62,6,1:10,2019
,Ilocos Region ,Private,63,5,1:13,2019
,Ilocos Region ,Private,195,5,1:39,2019
,Ilocos Region ,Private,383,19,1:20,2019
,Ilocos Region ,Private,117,9,1:13,2019
,Ilocos Region ,Private,25,10,1:3,2019
,Ilocos Region ,Private,728,39,1:19,2019
,Ilocos Region ,Private,6731,65,1:104,2019
,Ilocos Region ,Private,238,17,1:14,2019
,Ilocos Region ,Private,107,28,1:4,2019
,Ilocos Region ,Private,50,18,1:3,2019
,Ilocos Region ,Private,1798,61,1:29,2019
,Ilocos Region ,Private,19,7,1:3,2019
,Ilocos Region ,Private,1254,88,1:14,2019
,Ilocos Region ,Private,20,11,1:2,2019
,Ilocos Region ,Private,497,49,1:10,2019
,Ilocos Region ,Private,678,31,1:22,2019
,Ilocos Region ,Private,63,13,1:5,2019
,Ilocos Region ,Private,75,20,1:4,2019
,Ilocos Region ,Private,782,46,1:17,2019
,Ilocos Region ,Private,90,30,1:3,2019
,Ilocos Region ,Private,14,10,1:1,2019
,Ilocos Region ,Private,138,11,1:13,2019
,Ilocos Region ,Private,2566,138,1:19,2019
,Ilocos Region ,Private,5718,18,1:318,2019
,Ilocos Region ,Private,152,11,1:14,2019
,Ilocos Region ,Private,1561,52,1:30,2019
,Ilocos Region ,Private,6175,125,1:49,2019
,Ilocos Region ,Private,71,25,1:3,2019
,Ilocos Region ,Private,30,12,1:3,2019
,Ilocos Region ,Private,565,29,1:19,2019
,Ilocos Region ,Private,8,13,1:1,2019
,Ilocos Region ,Private,42,15,1:3,2019
,Ilocos Region ,Private,78,18,1:4,2019
,Ilocos Region ,Private,580,39,1:15,2019
,Ilocos Region ,Private,238,12,1:20,2019
,Ilocos Region ,Private,187,20,1:9,2019
,Ilocos Region ,Private,132,21,1:6,2019
,Ilocos Region ,Private,557,50,1:11,2019
,Ilocos Region ,Private,413,42,1:10,2019
,Ilocos Region ,Private,1285,51,1:25,2019
,Ilocos Region ,Private,3543,161,1:22,2019
,Ilocos Region ,Private,289,15,1:19,2019
,Ilocos Region ,Private,289,36,1:8,2019
,Ilocos Region ,Private,2685,22,1:122,2019
,Ilocos Region ,Private,1576,69,1:23,2019
,Ilocos Region ,Private,768,40,1:19,2019
,Ilocos Region ,Private,457,35,1:13,2019
,Ilocos Region ,Private,835,46,1:18,2019
,Ilocos Region ,Private,324,43,1:8,2019
,Ilocos Region ,Private,2161,92,1:23,2019
,Ilocos Region ,Private,63,14,1:5,2019
,Ilocos Region ,Private,254,36,1:7,2019
,Ilocos Region ,Private,1505,41,1:37,2019
,Ilocos Region ,Private,261,26,1:10,2019
,Ilocos Region ,Private,1262,48,1:26,2019
,Ilocos Region ,Private,217,10,1:22,2019
,Ilocos Region ,Private,124,11,1:11,2019
,Ilocos Region ,Private,240,25,1:10,2019
,Ilocos Region ,Private,3355,150,1:22,2019
,Ilocos Region ,Private,290,9,1:32,2019
,Ilocos Region ,Private,160,25,1:6,2019
,Ilocos Region ,Private,430,38,1:11,2019
,Ilocos Region ,Private,377,19,1:20,2019
,Ilocos Region ,Private,37,14,1:3,2019
,Ilocos Region ,Private,102,41,1:2,2019
,Ilocos Region ,Private,214,17,1:13,2019
,Ilocos Region ,Private,90,14,1:6,2019
,Ilocos Region ,Private,73,13,1:6,2019
,Ilocos Region ,Private,43,9,1:5,2019
,Ilocos Region ,Private,152,12,1:13,2019
,Ilocos Region ,Private,527,27,1:20,2019
,Ilocos Region ,Private,596,44,1:14,2019
,Ilocos Region ,Private,433,45,1:10,2019
,Ilocos Region ,Private,5718,176,1:32,2019
,Ilocos Region ,Private,7784,208,1:37,2019
,Ilocos Region ,Private,2198,291,1:8,2019
,Ilocos Region ,Private,467,44,1:11,2019
,Cagayan Valley ,Private,1212,76,1:16,2019
,Cagayan Valley ,Private,171,12,1:14,2019
,Cagayan Valley ,Private,116,6,1:19,2019
,Cagayan Valley ,Private,379,34,1:11,2019
,Cagayan Valley ,Private,405,10,1:41,2019
,Cagayan Valley ,Private,1264,63,1:20,2019
,Cagayan Valley ,Private,82,13,1:6,2019
,Cagayan Valley ,Private,695,31,1:22,2019
,Cagayan Valley ,Private,53,15,1:4,2019
,Cagayan Valley ,Private,1078,59,1:18,2019
,Cagayan Valley ,Private,704,31,1:23,2019
,Cagayan Valley ,Private,1678,24,1:70,2019
,Cagayan Valley ,Private,16,17,1:1,2019
,Cagayan Valley ,Private,897,37,1:24,2019
,Cagayan Valley ,Private,141,23,1:6,2019
,Cagayan Valley ,Private,1434,63,1:23,2019
,Cagayan Valley ,Private,211,17,1:12,2019
,Cagayan Valley ,Private,505,28,1:18,2019
,Cagayan Valley ,Private,1442,75,1:19,2019
,Cagayan Valley ,Private,134,15,1:9,2019
,Cagayan Valley ,Private,58,16,1:4,2019
,Cagayan Valley ,Private,3314,82,1:40,2019
,Cagayan Valley ,Private,107,16,1:7,2019
,Cagayan Valley ,Private,1106,87,1:13,2019
,Cagayan Valley ,Private,241,22,1:11,2019
,Cagayan Valley ,Private,561,50,1:11,2019
,Cagayan Valley ,Private,96,12,1:8,2019
,Cagayan Valley ,Private,1511,70,1:22,2019
,Cagayan Valley ,Private,52,11,1:5,2019
,Cagayan Valley ,Private,73,17,1:4,2019
,Cagayan Valley ,Private,212,28,1:8,2019
,Cagayan Valley ,Private,383,25,1:15,2019
,Cagayan Valley ,Private,501,33,1:15,2019
,Cagayan Valley ,Private,3330,215,1:15,2019
,Cagayan Valley ,Private,4311,122,1:35,2019
,Cagayan Valley ,Private,111,12,1:9,2019
,Cagayan Valley ,Private,56,13,1:4,2019
,Cagayan Valley ,Private,39,16,1:2,2019
,Cagayan Valley ,Private,1239,89,1:14,2019
,Cagayan Valley ,Private,50,8,1:6,2019
,Cagayan Valley ,Private,7343,260,1:28,2019
,Cagayan Valley ,Private,2748,161,1:17,2019
,Cagayan Valley ,Private,1168,53,1:22,2019
,Cagayan Valley ,Private,3650,169,1:22,2019
,Central Luzon,Private,75,5,1:15,2019
,Central Luzon,Private,152,10,1:15,2019
,Central Luzon,Private,454,25,1:18,2019
,Central Luzon,Private,312,17,1:18,2019
,Central Luzon,Private,236,21,1:11,2019
,Central Luzon,Private,182,10,1:18,2019
,Central Luzon,Private,250,11,1:23,2019
,Central Luzon,Private,97,13,1:7,2019
,Central Luzon,Private,497,19,1:26,2019
,Central Luzon,Private,225,17,1:13,2019
,Central Luzon,Private,300,24,1:13,2019
,Central Luzon,Private,171,10,1:17,2019
,Central Luzon,Private,148,10,1:15,2019
,Central Luzon,Private,179,11,1:16,2019
,Central Luzon,Private,153,8,1:19,2019
,Central Luzon,Private,191,5,1:38,2019
,Central Luzon,Private,208,5,1:42,2019
,Central Luzon,Private,148,19,1:8,2019
,Central Luzon,Private,4985,431,1:12,2019
,Central Luzon,Private,7054,174,1:41,2019
,Central Luzon,Private,1107,51,1:22,2019
,Central Luzon,Private,41,5,1:8,2019
,Central Luzon,Private,65,14,1:5,2019
,Central Luzon,Private,2103,118,1:18,2019
,Central Luzon,Private,403,22,1:18,2019
,Central Luzon,Private,1298,42,1:31,2019
,Central Luzon,Private,629,29,1:22,2019
,Central Luzon,Private,237,14,1:17,2019
,Central Luzon,Private,152,39,1:4,2019
,Central Luzon,Private,591,24,1:25,2019
,Central Luzon,Private,775,18,1:43,2019
,Central Luzon,Private,929,56,1:17,2019
,Central Luzon,Private,150,11,1:14,2019
,Central Luzon,Private,1370,67,1:20,2019
,Central Luzon,Private,853,43,1:20,2019
,Central Luzon,Private,151,14,1:11,2019
,Central Luzon,Private,85,15,1:6,2019
,Central Luzon,Private,2626,10,1:263,2019
,Central Luzon,Private,212,25,1:8,2019
,Central Luzon,Private,55,13,1:4,2019
,Central Luzon,Private,587,47,1:12,2019
,Central Luzon,Private,2090,45,1:46,2019
,Central Luzon,Private,613,23,1:27,2019
,Central Luzon,Private,220,33,1:7,2019
,Central Luzon,Private,416,22,1:19,2019
,Central Luzon,Private,265,25,1:11,2019
,Central Luzon,Private,73,22,1:3,2019
,Central Luzon,Private,170,22,1:8,2019
,Central Luzon,Private,1557,57,1:27,2019
,Central Luzon,Private,41,4,1:10,2019
,Central Luzon,Private,388,42,1:9,2019
,Central Luzon,Private,28,11,1:3,2019
,Central Luzon,Private,1901,138,1:14,2019
,Central Luzon,Private,110,17,1:6,2019
,Central Luzon,Private,175,27,1:6,2019
,Central Luzon,Private,617,22,1:28,2019
,Central Luzon,Private,1437,30,1:48,2019
,Central Luzon,Private,198,17,1:12,2019
,Central Luzon,Private,903,56,1:16,2019
,Central Luzon,Private,2111,74,1:29,2019
,Central Luzon,Private,355,25,1:14,2019
,Central Luzon,Private,2289,117,1:20,2019
,Central Luzon,Private,520,17,1:31,2019
,Central Luzon,Private,18,6,1:3,2019
,Central Luzon,Private,75,4,1:19,2019
,Central Luzon,Private,52,10,1:5,2019
,Central Luzon,Private,251,14,1:18,2019
,Central Luzon,Private,1067,50,1:21,2019
,Central Luzon,Private,884,42,1:21,2019
,Central Luzon,Private,106,15,1:7,2019
,Central Luzon,Private,600,39,1:15,2019
,Central Luzon,Private,51,11,1:5,2019
,Central Luzon,Private,18,6,1:3,2019
,Central Luzon,Private,24,10,1:2,2019
,Central Luzon,Private,712,50,1:14,2019
,Central Luzon,Private,7597,451,1:17,2019
,Central Luzon,Private,270,17,1:16,2019
,Central Luzon,Private,452,51,1:9,2019
,Central Luzon,Private,1345,47,1:29,2019
,Central Luzon,Private,199,36,1:6,2019
,Central Luzon,Private,295,32,1:9,2019
,Central Luzon,Private,359,23,1:16,2019
,Central Luzon,Private,193,37,1:5,2019
,Central Luzon,Private,354,15,1:24,2019
,Central Luzon,Private,366,35,1:10,2019
,Central Luzon,Private,2468,62,1:40,2019
,Central Luzon,Private,5676,48,1:118,2019
,Central Luzon,Private,126,30,1:4,2019
,Central Luzon,Private,428,32,1:13,2019
,Central Luzon,Private,40,20,1:2,2019
,Central Luzon,Private,143,20,1:7,2019
,Central Luzon,Private,946,57,1:17,2019
,Central Luzon,Private,361,36,1:10,2019
,Central Luzon,Private,273,14,1:20,2019
,Central Luzon,Private,255,22,1:12,2019
,Central Luzon,Private,505,45,1:11,2019
,Central Luzon,Private,16,16,1:1,2019
,Central Luzon,Private,126,25,1:5,2019
,Central Luzon,Private,1672,100,1:17,2019
,Central Luzon,Private,1205,88,1:14,2019
,Central Luzon,Private,50,41,1:1,2019
,Central Luzon,Private,218,13,1:17,2019
,Central Luzon,Private,35,25,1:1,2019
,Central Luzon,Private,1068,60,1:18,2019
,Central Luzon,Private,230,17,1:14,2019
,Central Luzon,Private,51,15,1:3,2019
,Central Luzon,Private,15,17,1:1,2019
,Central Luzon,Private,1448,37,1:39,2019
,Central Luzon,Private,986,52,1:19,2019
,Central Luzon,Private,73,36,1:2,2019
,Central Luzon,Private,329,30,1:11,2019
,Central Luzon,Private,894,50,1:18,2019
,Central Luzon,Private,43,27,1:2,2019
,Central Luzon,Private,205,17,1:12,2019
,Central Luzon,Private,138,18,1:8,2019
,Central Luzon,Private,594,41,1:14,2019
,Central Luzon,Private,778,43,1:18,2019
,Central Luzon,Private,763,23,1:33,2019
,Central Luzon,Private,4515,146,1:31,2019
,Central Luzon,Private,167,7,1:24,2019
,Central Luzon,Private,24,19,1:1,2019
,Central Luzon,Private,358,38,1:9,2019
,Central Luzon,Private,1352,49,1:28,2019
,Central Luzon,Private,136,22,1:6,2019
,Central Luzon,Private,307,24,1:13,2019
,Central Luzon,Private,275,19,1:14,2019
,Central Luzon,Private,9,3,1:3,2019
,Central Luzon,Private,403,40,1:10,2019
,Central Luzon,Private,50,18,1:3,2019
,Central Luzon,Private,10,11,1:1,2019
,Central Luzon,Private,733,22,1:33,2019
,Central Luzon,Private,229,12,1:19,2019
,Central Luzon,Private,503,37,1:14,2019
,Central Luzon,Private,947,51,1:19,2019
,Central Luzon,Private,77,30,1:3,2019
,Central Luzon,Private,239,34,1:7,2019
,Central Luzon,Private,623,18,1:35,2019
,Central Luzon,Private,1041,22,1:47,2019
,Central Luzon,Private,100,21,1:5,2019
,Central Luzon,Private,133,22,1:6,2019
,Central Luzon,Private,24,5,1:5,2019
,Central Luzon,Private,167,26,1:6,2019
,Central Luzon,Private,133,12,1:11,2019
,Central Luzon,Private,271,30,1:9,2019
,Central Luzon,Private,1820,52,1:35,2019
,Central Luzon,Private,481,10,1:48,2019
,Central Luzon,Private,132,18,1:7,2019
,Central Luzon,Private,176,25,1:7,2019
,Central Luzon,Private,197,22,1:9,2019
,Central Luzon,Private,292,23,1:13,2019
,Central Luzon,Private,829,39,1:21,2019
,Central Luzon,Private,371,22,1:17,2019
,Central Luzon,Private,439,53,1:8,2019
,Central Luzon,Private,327,20,1:16,2019
,Central Luzon,Private,557,21,1:27,2019
,Central Luzon,Private,468,27,1:17,2019
,Central Luzon,Private,605,10,1:61,2019
,Central Luzon,Private,219,41,1:5,2019
,Central Luzon,Private,437,44,1:10,2019
,Central Luzon,Private,1832,80,1:23,2019
,Central Luzon,Private,244,19,1:13,2019
,Central Luzon,Private,437,24,1:18,2019
,Central Luzon,Private,48,13,1:4,2019
,Central Luzon,Private,619,37,1:17,2019
,Central Luzon,Private,573,39,1:15,2019
,Central Luzon,Private,52,13,1:4,2019
,Central Luzon,Private,1828,145,1:13,2019
,Central Luzon,Private,5850,157,1:37,2019
,Central Luzon,Private,592,42,1:14,2019
,Central Luzon,Private,395,29,1:14,2019
,CALABARZON,Private,152,18,1:8,2019
,CALABARZON,Private,119,8,1:15,2019
,CALABARZON,Private,113,16,1:7,2019
,CALABARZON,Private,592,15,1:39,2019
,CALABARZON,Private,217,22,1:10,2019
,CALABARZON,Private,92,12,1:8,2019
,CALABARZON,Private,350,49,1:7,2019
,CALABARZON,Private,3164,184,1:17,2019
,CALABARZON,Private,109,19,1:6,2019
,CALABARZON,Private,599,27,1:22,2019
,CALABARZON,Private,72,10,1:7,2019
,CALABARZON,Private,350,13,1:27,2019
,CALABARZON,Private,122,18,1:7,2019
,CALABARZON,Private,120,5,1:24,2019
,CALABARZON,Private,282,15,1:19,2019
,CALABARZON,Private,281,17,1:17,2019
,CALABARZON,Private,532,14,1:38,2019
,CALABARZON,Private,424,14,1:30,2019
,CALABARZON,Private,201,12,1:17,2019
,CALABARZON,Private,109,6,1:18,2019
,CALABARZON,Private,189,12,1:16,2019
,CALABARZON,Private,975,10,1:98,2019
,CALABARZON,Private,364,31,1:12,2019
,CALABARZON,Private,48,11,1:4,2019
,CALABARZON,Private,95,20,1:5,2019
,CALABARZON,Private,132,23,1:6,2019
,CALABARZON,Private,156,21,1:7,2019
,CALABARZON,Private,42,20,1:2,2019
,CALABARZON,Private,80,23,1:3,2019
,CALABARZON,Private,872,53,1:16,2019
,CALABARZON,Private,287,45,1:6,2019
,CALABARZON,Private,117,17,1:7,2019
,CALABARZON,Private,57,10,1:6,2019
,CALABARZON,Private,1036,78,1:13,2019
,CALABARZON,Private,365,41,1:9,2019
,CALABARZON,Private,468,26,1:18,2019
,CALABARZON,Private,1014,72,1:14,2019
,CALABARZON,Private,79,16,1:5,2019
,CALABARZON,Private,640,31,1:21,2019
,CALABARZON,Private,16,7,1:2,2019
,CALABARZON,Private,1582,25,1:63,2019
,CALABARZON,Private,96,23,1:4,2019
,CALABARZON,Private,127,29,1:4,2019
,CALABARZON,Private,183,15,1:12,2019
,CALABARZON,Private,384,24,1:16,2019
,CALABARZON,Private,332,16,1:21,2019
,CALABARZON,Private,96,22,1:4,2019
,CALABARZON,Private,372,7,1:53,2019
,CALABARZON,Private,2217,137,1:16,2019
,CALABARZON,Private,261,29,1:9,2019
,CALABARZON,Private,331,22,1:15,2019
,CALABARZON,Private,211,19,1:11,2019
,CALABARZON,Private,13,8,1:2,2019
,CALABARZON,Private,328,35,1:9,2019
,CALABARZON,Private,167,41,1:4,2019
,CALABARZON,Private,1087,30,1:36,2019
,CALABARZON,Private,66,16,1:4,2019
,CALABARZON,Private,3540,315,1:11,2019
,CALABARZON,Private,3559,503,1:7,2019
,CALABARZON,Private,8893,572,1:16,2019
,CALABARZON,Private,73,12,1:6,2019
,CALABARZON,Private,3,4,1:1,2019
,CALABARZON,Private,155,41,1:4,2019
,CALABARZON,Private,349,29,1:12,2019
,CALABARZON,Private,70,25,1:3,2019
,CALABARZON,Private,122,24,1:5,2019
,CALABARZON,Private,1055,38,1:28,2019
,CALABARZON,Private,969,33,1:29,2019
,CALABARZON,Private,1068,57,1:19,2019
,CALABARZON,Private,20,7,1:3,2019
,CALABARZON,Private,2162,135,1:16,2019
,CALABARZON,Private,55,13,1:4,2019
,CALABARZON,Private,630,50,1:13,2019
,CALABARZON,Private,268,27,1:10,2019
,CALABARZON,Private,963,82,1:12,2019
,CALABARZON,Private,4087,66,1:62,2019
,CALABARZON,Private,20,25,1:1,2019
,CALABARZON,Private,6,6,1:1,2019
,CALABARZON,Private,466,22,1:21,2019
,CALABARZON,Private,156,18,1:9,2019
,CALABARZON,Private,65,18,1:4,2019
,CALABARZON,Private,566,23,1:25,2019
,CALABARZON,Private,20258,164,1:124,2019
,CALABARZON,Private,644,16,1:40,2019
,CALABARZON,Private,332,18,1:18,2019
,CALABARZON,Private,43,18,1:2,2019
,CALABARZON,Private,251,22,1:11,2019
,CALABARZON,Private,137,9,1:15,2019
,CALABARZON,Private,819,26,1:32,2019
,CALABARZON,Private,9,8,1:1,2019
,CALABARZON,Private,483,55,1:9,2019
,CALABARZON,Private,123,16,1:8,2019
,CALABARZON,Private,975,45,1:22,2019
,CALABARZON,Private,204,31,1:7,2019
,CALABARZON,Private,1147,13,1:88,2019
,CALABARZON,Private,91,4,1:23,2019
,CALABARZON,Private,87,18,1:5,2019
,CALABARZON,Private,132,22,1:6,2019
,CALABARZON,Private,200,17,1:12,2019
,CALABARZON,Private,272,31,1:9,2019
,CALABARZON,Private,747,59,1:13,2019
,CALABARZON,Private,909,50,1:18,2019
,CALABARZON,Private,1244,84,1:15,2019
,CALABARZON,Private,39,11,1:4,2019
,CALABARZON,Private,828,39,1:21,2019
,CALABARZON,Private,33,11,1:3,2019
,CALABARZON,Private,379,11,1:34,2019
,CALABARZON,Private,1646,40,1:41,2019
,CALABARZON,Private,301,30,1:10,2019
,CALABARZON,Private,1518,74,1:21,2019
,CALABARZON,Private,69,14,1:5,2019
,CALABARZON,Private,5704,146,1:39,2019
,CALABARZON,Private,470,16,1:29,2019
,CALABARZON,Private,6251,229,1:27,2019
,CALABARZON,Private,2671,107,1:25,2019
,CALABARZON,Private,72,7,1:10,2019
,CALABARZON,Private,3876,143,1:27,2019
,CALABARZON,Private,79,15,1:5,2019
,CALABARZON,Private,583,49,1:12,2019
,CALABARZON,Private,522,30,1:17,2019
,CALABARZON,Private,3813,208,1:18,2019
,CALABARZON,Private,103,18,1:6,2019
,CALABARZON,Private,223,29,1:8,2019
,CALABARZON,Private,40,15,1:3,2019
,CALABARZON,Private,962,53,1:18,2019
,CALABARZON,Private,38,50,1:1,2019
,CALABARZON,Private,8,3,1:3,2019
,CALABARZON,Private,307,16,1:19,2019
,CALABARZON,Private,80,5,1:16,2019
,CALABARZON,Private,111,15,1:7,2019
,CALABARZON,Private,15,11,1:1,2019
,CALABARZON,Private,589,22,1:27,2019
,CALABARZON,Private,3961,132,1:30,2019
,CALABARZON,Private,144,30,1:5,2019
,CALABARZON,Private,1877,51,1:37,2019
,CALABARZON,Private,159,10,1:16,2019
,CALABARZON,Private,456,25,1:18,2019
,CALABARZON,Private,59,21,1:3,2019
,CALABARZON,Private,325,29,1:11,2019
,CALABARZON,Private,646,19,1:34,2019
,CALABARZON,Private,39,9,1:4,2019
,CALABARZON,Private,5796,157,1:37,2019
,CALABARZON,Private,31,19,1:2,2019
,CALABARZON,Private,69,20,1:3,2019
,CALABARZON,Private,336,13,1:26,2019
,CALABARZON,Private,366,28,1:13,2019
,CALABARZON,Private,74,22,1:3,2019
,CALABARZON,Private,460,28,1:16,2019
,CALABARZON,Private,180,30,1:6,2019
,CALABARZON,Private,18,24,1:1,2019
,CALABARZON,Private,1242,61,1:20,2019
,CALABARZON,Private,417,42,1:10,2019
,CALABARZON,Private,208,13,1:16,2019
,CALABARZON,Private,2593,43,1:60,2019
,CALABARZON,Private,338,37,1:9,2019
,CALABARZON,Private,53,21,1:3,2019
,CALABARZON,Private,621,41,1:15,2019
,CALABARZON,Private,281,10,1:28,2019
,CALABARZON,Private,211,15,1:14,2019
,CALABARZON,Private,749,91,1:8,2019
,CALABARZON,Private,328,29,1:11,2019
,CALABARZON,Private,463,27,1:17,2019
,CALABARZON,Private,62,13,1:5,2019
,CALABARZON,Private,1305,75,1:17,2019
,CALABARZON,Private,173,14,1:12,2019
,CALABARZON,Private,105,19,1:6,2019
,CALABARZON,Private,214,29,1:7,2019
,CALABARZON,Private,26,18,1:1,2019
,CALABARZON,Private,561,42,1:13,2019
,CALABARZON,Private,88,14,1:6,2019
,CALABARZON,Private,108,11,1:10,2019
,CALABARZON,Private,42,7,1:6,2019
,CALABARZON,Private,169,24,1:7,2019
,CALABARZON,Private,988,86,1:11,2019
,CALABARZON,Private,2785,93,1:30,2019
,CALABARZON,Private,49,16,1:3,2019
,CALABARZON,Private,1041,71,1:15,2019
,CALABARZON,Private,564,53,1:11,2019
,CALABARZON,Private,486,16,1:30,2019
,CALABARZON,Private,7,5,1:1,2019
,CALABARZON,Private,30,9,1:3,2019
,CALABARZON,Private,111,29,1:4,2019
,CALABARZON,Private,248,21,1:12,2019
,CALABARZON,Private,13,8,1:2,2019
,CALABARZON,Private,1021,96,1:11,2019
,CALABARZON,Private,29,17,1:2,2019
,CALABARZON,Private,163,5,1:33,2019
,CALABARZON,Private,481,32,1:15,2019
,CALABARZON,Private,2009,130,1:15,2019
,CALABARZON,Private,47,18,1:3,2019
,CALABARZON,Private,34,7,1:5,2019
,CALABARZON,Private,79,23,1:3,2019
,CALABARZON,Private,91,14,1:7,2019
,CALABARZON,Private,110,19,1:6,2019
,CALABARZON,Private,210,37,1:6,2019
,CALABARZON,Private,497,20,1:25,2019
,CALABARZON,Private,35,9,1:4,2019
,CALABARZON,Private,144,19,1:8,2019
,CALABARZON,Private,67,19,1:4,2019
,CALABARZON,Private,2119,35,1:61,2019
,CALABARZON,Private,366,23,1:16,2019
,CALABARZON,Private,565,35,1:16,2019
,CALABARZON,Private,919,56,1:16,2019
,CALABARZON,Private,382,27,1:14,2019
,CALABARZON,Private,739,17,1:43,2019
,CALABARZON,Private,479,17,1:28,2019
,CALABARZON,Private,1349,85,1:16,2019
,CALABARZON,Private,88,14,1:6,2019
,CALABARZON,Private,490,9,1:54,2019
,CALABARZON,Private,403,18,1:22,2019
,CALABARZON,Private,2208,60,1:37,2019
,CALABARZON,Private,1102,62,1:18,2019
,CALABARZON,Private,607,34,1:18,2019
,CALABARZON,Private,202,18,1:11,2019
,CALABARZON,Private,360,38,1:9,2019
,CALABARZON,Private,234,17,1:14,2019
,CALABARZON,Private,458,37,1:12,2019
,CALABARZON,Private,3345,99,1:34,2019
,CALABARZON,Private,740,39,1:19,2019
,CALABARZON,Private,148,14,1:11,2019
,CALABARZON,Private,2073,95,1:22,2019
,CALABARZON,Private,168,26,1:6,2019
,CALABARZON,Private,1722,68,1:25,2019
,CALABARZON,Private,231,28,1:8,2019
,CALABARZON,Private,42,26,1:2,2019
,CALABARZON,Private,1103,65,1:17,2019
,CALABARZON,Private,7691,172,1:45,2019
,CALABARZON,Private,1911,88,1:22,2019
,CALABARZON,Private,1494,107,1:14,2019
,CALABARZON,Private,1421,114,1:12,2019
,CALABARZON,Private,1832,245,1:7,2019
,CALABARZON,Private,640,63,1:10,2019
,CALABARZON,Private,4242,151,1:28,2019
,CALABARZON,Private,27,25,1:1,2019
,CALABARZON,Private,166,10,1:17,2019
,CALABARZON,Private,1136,36,1:32,2019
,CALABARZON,Private,445,27,1:16,2019
,Bicol Region,Private,174,13,1:13,2019
,Bicol Region,Private,57,23,1:2,2019
,Bicol Region,Private,306,18,1:17,2019
,Bicol Region,Private,348,48,1:7,2019
,Bicol Region,Private,205,16,1:13,2019
,Bicol Region,Private,577,42,1:14,2019
,Bicol Region,Private,718,32,1:22,2019
,Bicol Region,Private,154,7,1:22,2019
,Bicol Region,Private,117,6,1:20,2019
,Bicol Region,Private,397,39,1:10,2019
,Bicol Region,Private,429,29,1:15,2019
,Bicol Region,Private,4063,245,1:17,2019
,Bicol Region,Private,50,25,1:2,2019
,Bicol Region,Private,1350,33,1:41,2019
,Bicol Region,Private,2812,99,1:28,2019
,Bicol Region,Private,1222,30,1:41,2019
,Bicol Region,Private,36,12,1:3,2019
,Bicol Region,Private,58,14,1:4,2019
,Bicol Region,Private,468,25,1:19,2019
,Bicol Region,Private,34,24,1:1,2019
,Bicol Region,Private,609,25,1:24,2019
,Bicol Region,Private,26,9,1:3,2019
,Bicol Region,Private,1353,58,1:23,2019
,Bicol Region,Private,576,80,1:7,2019
,Bicol Region,Private,938,28,1:34,2019
,Bicol Region,Private,22,15,1:1,2019
,Bicol Region,Private,567,37,1:15,2019
,Bicol Region,Private,75,15,1:5,2019
,Bicol Region,Private,116,12,1:10,2019
,Bicol Region,Private,397,22,1:18,2019
,Bicol Region,Private,166,15,1:11,2019
,Bicol Region,Private,476,29,1:16,2019
,Bicol Region,Private,248,12,1:21,2019
,Bicol Region,Private,577,41,1:14,2019
,Bicol Region,Private,38,10,1:4,2019
,Bicol Region,Private,2138,98,1:22,2019
,Bicol Region,Private,673,44,1:15,2019
,Bicol Region,Private,174,15,1:12,2019
,Bicol Region,Private,48,8,1:6,2019
,Bicol Region,Private,215,24,1:9,2019
,Bicol Region,Private,656,29,1:23,2019
,Bicol Region,Private,12,16,1:1,2019
,Bicol Region,Private,45,17,1:3,2019
,Bicol Region,Private,82,26,1:3,2019
,Bicol Region,Private,413,31,1:13,2019
,Bicol Region,Private,41,14,1:3,2019
,Bicol Region,Private,18,11,1:2,2019
,Bicol Region,Private,303,22,1:14,2019
,Bicol Region,Private,262,24,1:11,2019
,Bicol Region,Private,38,13,1:3,2019
,Bicol Region,Private,834,54,1:15,2019
,Bicol Region,Private,1139,36,1:32,2019
,Bicol Region,Private,89,10,1:9,2019
,Bicol Region,Private,39,9,1:4,2019
,Bicol Region,Private,3738,68,1:55,2019
,Bicol Region,Private,1450,80,1:18,2019
,Bicol Region,Private,1797,60,1:30,2019
,Bicol Region,Private,927,45,1:21,2019
,Bicol Region,Private,247,10,1:25,2019
,Bicol Region,Private,2168,77,1:28,2019
,Bicol Region,Private,14,7,1:2,2019
,Bicol Region,Private,31,15,1:2,2019
,Bicol Region,Private,13,9,1:1,2019
,Bicol Region,Private,4168,110,1:38,2019
,Bicol Region,Private,164,26,1:6,2019
,Bicol Region,Private,2436,105,1:23,2019
,Bicol Region,Private,915,64,1:14,2019
,Bicol Region,Private,24,18,1:1,2019
,Bicol Region,Private,211,22,1:10,2019
,Bicol Region,Private,38,11,1:3,2019
,Bicol Region,Private,306,36,1:9,2019
,Bicol Region,Private,751,44,1:17,2019
,Bicol Region,Private,114,27,1:4,2019
,Bicol Region,Private,18,13,1:1,2019
,Bicol Region,Private,79,13,1:6,2019
,Bicol Region,Private,525,36,1:15,2019
,Bicol Region,Private,347,26,1:13,2019
,Bicol Region,Private,478,40,1:12,2019
,Bicol Region,Private,832,46,1:18,2019
,Bicol Region,Private,67,11,1:6,2019
,Bicol Region,Private,545,23,1:24,2019
,Bicol Region,Private,540,44,1:12,2019
,Bicol Region,Private,220,22,1:10,2019
,Bicol Region,Private,533,41,1:13,2019
,Bicol Region,Private,357,17,1:21,2019
,Bicol Region,Private,262,52,1:5,2019
,Bicol Region,Private,390,15,1:26,2019
,Bicol Region,Private,772,50,1:15,2019
,Bicol Region,Private,582,33,1:18,2019
,Bicol Region,Private,250,15,1:17,2019
,Bicol Region,Private,335,26,1:13,2019
,Bicol Region,Private,245,20,1:12,2019
,Bicol Region,Private,28,10,1:3,2019
,Bicol Region,Private,614,40,1:15,2019
,Bicol Region,Private,70,14,1:5,2019
,Bicol Region,Private,313,13,1:24,2019
,Bicol Region,Private,374,24,1:16,2019
,Bicol Region,Private,331,22,1:15,2019
,Bicol Region,Private,498,25,1:20,2019
,Bicol Region,Private,279,16,1:17,2019
,Bicol Region,Private,918,44,1:21,2019
,Bicol Region,Private,2125,132,1:16,2019
,Bicol Region,Private,2117,188,1:11,2019
,Bicol Region,Private,4785,243,1:20,2019
,Bicol Region,Private,2018,133,1:15,2019
,Bicol Region,Private,2235,129,1:17,2019
,Bicol Region,Private,1424,61,1:23,2019
,Bicol Region,Private,345,18,1:19,2019
,Bicol Region,Private,44,10,1:4,2019
,Bicol Region,Private,142,10,1:14,2019
,Bicol Region,Private,284,27,1:11,2019
,Western Visayas,Private,284,10,1:28,2019
,Western Visayas,Private,117,7,1:17,2019
,Western Visayas,Private,379,8,1:47,2019
,Western Visayas,Private,552,23,1:24,2019
,Western Visayas,Private,1213,55,1:22,2019
,Western Visayas,Private,905,57,1:16,2019
,Western Visayas,Private,107,6,1:18,2019
,Western Visayas,Private,153,10,1:15,2019
,Western Visayas,Private,786,34,1:23,2019
,Western Visayas,Private,300,29,1:10,2019
,Western Visayas,Private,451,14,1:32,2019
,Western Visayas,Private,13,7,1:2,2019
,Western Visayas,Private,217,10,1:22,2019
,Western Visayas,Private,632,50,1:13,2019
,Western Visayas,Private,8276,567,1:15,2019
,Western Visayas,Private,2064,67,1:31,2019
,Western Visayas,Private,165,19,1:9,2019
,Western Visayas,Private,292,41,1:7,2019
,Western Visayas,Private,965,65,1:15,2019
,Western Visayas,Private,280,27,1:10,2019
,Western Visayas,Private,1556,100,1:16,2019
,Western Visayas,Private,177,15,1:12,2019
,Western Visayas,Private,85,26,1:3,2019
,Western Visayas,Private,51,21,1:2,2019
,Western Visayas,Private,83,17,1:5,2019
,Western Visayas,Private,1125,70,1:16,2019
,Western Visayas,Private,2917,121,1:24,2019
,Western Visayas,Private,1835,44,1:42,2019
,Western Visayas,Private,71,14,1:5,2019
,Western Visayas,Private,1900,49,1:39,2019
,Western Visayas,Private,97,17,1:6,2019
,Western Visayas,Private,2720,176,1:15,2019
,Western Visayas,Private,350,125,1:3,2019
,Western Visayas,Private,500,14,1:36,2019
,Western Visayas,Private,153,9,1:17,2019
,Western Visayas,Private,1613,74,1:22,2019
,Western Visayas,Private,1655,73,1:23,2019
,Western Visayas,Private,1874,71,1:26,2019
,Western Visayas,Private,472,50,1:9,2019
,Western Visayas,Private,2453,169,1:15,2019
,Western Visayas,Private,142,26,1:5,2019
,Western Visayas,Private,18,23,1:1,2019
,Western Visayas,Private,465,25,1:19,2019
,Western Visayas,Private,2423,87,1:28,2019
,Western Visayas,Private,15,8,1:2,2019
,Western Visayas,Private,15,11,1:1,2019
,Western Visayas,Private,284,7,1:41,2019
,Western Visayas,Private,2650,207,1:13,2019
,Western Visayas,Private,1258,78,1:16,2019
,Western Visayas,Private,208,44,1:5,2019
,Western Visayas,Private,17,22,1:1,2019
,Western Visayas,Private,43,20,1:2,2019
,Western Visayas,Private,50,14,1:4,2019
,Western Visayas,Private,9,14,1:1,2019
,Western Visayas,Private,332,30,1:11,2019
,Western Visayas,Private,490,47,1:10,2019
,Western Visayas,Private,92,14,1:7,2019
,Western Visayas,Private,116,12,1:10,2019
,Western Visayas,Private,781,128,1:6,2019
,Western Visayas,Private,750,30,1:25,2019
,Western Visayas,Private,5032,75,1:67,2019
,Western Visayas,Private,1109,45,1:25,2019
,Western Visayas,Private,93,9,1:10,2019
,Western Visayas,Private,485,9,1:54,2019
,Western Visayas,Private,42,13,1:3,2019
,Western Visayas,Private,116,13,1:9,2019
,Western Visayas,Private,372,15,1:25,2019
,Western Visayas,Private,3486,103,1:34,2019
,Western Visayas,Private,664,59,1:11,2019
,Western Visayas,Private,8014,161,1:50,2019
,Western Visayas,Private,4544,283,1:16,2019
,Western Visayas,Private,5633,395,1:14,2019
,Western Visayas,Private,6632,480,1:14,2019
,Western Visayas,Private,3574,64,1:56,2019
,Western Visayas,Private,4784,193,1:25,2019
,Central Visayas,Private,125,5,1:25,2019
,Central Visayas,Private,457,42,1:11,2019
,Central Visayas,Private,877,15,1:58,2019
,Central Visayas,Private,161,25,1:6,2019
,Central Visayas,Private,118,12,1:10,2019
,Central Visayas,Private,366,29,1:13,2019
,Central Visayas,Private,163,21,1:8,2019
,Central Visayas,Private,4485,123,1:36,2019
,Central Visayas,Private,262,14,1:19,2019
,Central Visayas,Private,56,25,1:2,2019
,Central Visayas,Private,579,16,1:36,2019
,Central Visayas,Private,110,12,1:9,2019
,Central Visayas,Private,567,50,1:11,2019
,Central Visayas,Private,237,19,1:12,2019
,Central Visayas,Private,105,20,1:5,2019
,Central Visayas,Private,63,14,1:5,2019
,Central Visayas,Private,793,18,1:44,2019
,Central Visayas,Private,168,10,1:17,2019
,Central Visayas,Private,3507,279,1:13,2019
,Central Visayas,Private,635,242,1:3,2019
,Central Visayas,Private,1631,23,1:71,2019
,Central Visayas,Private,695,189,1:4,2019
,Central Visayas,Private,8752,224,1:39,2019
,Central Visayas,Private,24,9,1:3,2019
,Central Visayas,Private,12,9,1:1,2019
,Central Visayas,Private,17,17,1:1,2019
,Central Visayas,Private,1816,71,1:26,2019
,Central Visayas,Private,477,38,1:13,2019
,Central Visayas,Private,926,22,1:42,2019
,Central Visayas,Private,80,17,1:5,2019
,Central Visayas,Private,533,37,1:14,2019
,Central Visayas,Private,831,52,1:16,2019
,Central Visayas,Private,191,13,1:15,2019
,Central Visayas,Private,112,18,1:6,2019
,Central Visayas,Private,658,44,1:15,2019
,Central Visayas,Private,163,36,1:5,2019
,Central Visayas,Private,77,18,1:4,2019
,Central Visayas,Private,1174,39,1:30,2019
,Central Visayas,Private,1690,118,1:14,2019
,Central Visayas,Private,413,41,1:10,2019
,Central Visayas,Private,3472,207,1:17,2019
,Central Visayas,Private,57,17,1:3,2019
,Central Visayas,Private,42,22,1:2,2019
,Central Visayas,Private,121,28,1:4,2019
,Central Visayas,Private,86,18,1:5,2019
,Central Visayas,Private,164,18,1:9,2019
,Central Visayas,Private,45,23,1:2,2019
,Central Visayas,Private,15,11,1:1,2019
,Central Visayas,Private,968,50,1:19,2019
,Central Visayas,Private,145,25,1:6,2019
,Central Visayas,Private,109,12,1:9,2019
,Central Visayas,Private,268,19,1:14,2019
,Central Visayas,Private,760,46,1:17,2019
,Central Visayas,Private,419,15,1:28,2019
,Central Visayas,Private,552,16,1:35,2019
,Central Visayas,Private,710,46,1:15,2019
,Central Visayas,Private,152,12,1:13,2019
,Central Visayas,Private,556,20,1:28,2019
,Central Visayas,Private,83,17,1:5,2019
,Central Visayas,Private,141,32,1:4,2019
,Central Visayas,Private,668,28,1:24,2019
,Central Visayas,Private,414,24,1:17,2019
,Central Visayas,Private,25,20,1:1,2019
,Central Visayas,Private,13,3,1:4,2019
,Central Visayas,Private,284,29,1:10,2019
,Central Visayas,Private,296,35,1:8,2019
,Central Visayas,Private,863,48,1:18,2019
,Central Visayas,Private,536,47,1:11,2019
,Central Visayas,Private,41,17,1:2,2019
,Central Visayas,Private,100,20,1:5,2019
,Central Visayas,Private,1227,166,1:7,2019
,Central Visayas,Private,370,44,1:8,2019
,Central Visayas,Private,2105,26,1:81,2019
,Central Visayas,Private,867,157,1:6,2019
,Central Visayas,Private,52,7,1:7,2019
,Central Visayas,Private,335,21,1:16,2019
,Central Visayas,Private,92,12,1:8,2019
,Central Visayas,Private,97,14,1:7,2019
,Central Visayas,Private,44,14,1:3,2019
,Central Visayas,Private,5218,215,1:24,2019
,Central Visayas,Private,5160,215,1:24,2019
,Central Visayas,Private,7993,233,1:34,2019
,Central Visayas,Private,7669,271,1:28,2019
,Central Visayas,Private,185,16,1:12,2019
,Central Visayas,Private,366,37,1:10,2019
,Central Visayas,Private,1751,44,1:40,2019
,Central Visayas,Private,2839,38,1:75,2019
,Central Visayas,Private,618,29,1:21,2019
,Central Visayas,Private,57,15,1:4,2019
,Eastern Visayas,Private,168,23,1:7,2019
,Eastern Visayas,Private,119,15,1:8,2019
,Eastern Visayas,Private,782,28,1:28,2019
,Eastern Visayas,Private,91,11,1:8,2019
,Eastern Visayas,Private,683,30,1:23,2019
,Eastern Visayas,Private,3927,80,1:49,2019
,Eastern Visayas,Private,716,26,1:28,2019
,Eastern Visayas,Private,728,31,1:23,2019
,Eastern Visayas,Private,1422,57,1:25,2019
,Eastern Visayas,Private,78,14,1:6,2019
,Eastern Visayas,Private,513,29,1:18,2019
,Eastern Visayas,Private,270,16,1:17,2019
,Eastern Visayas,Private,107,15,1:7,2019
,Eastern Visayas,Private,1196,152,1:8,2019
,Eastern Visayas,Private,443,23,1:19,2019
,Eastern Visayas,Private,682,28,1:24,2019
,Eastern Visayas,Private,877,49,1:18,2019
,Eastern Visayas,Private,89,15,1:6,2019
,Eastern Visayas,Private,290,16,1:18,2019
,Eastern Visayas,Private,570,36,1:16,2019
,Eastern Visayas,Private,188,17,1:11,2019
,Eastern Visayas,Private,124,17,1:7,2019
,Eastern Visayas,Private,208,22,1:9,2019
,Eastern Visayas,Private,1780,93,1:19,2019
,Eastern Visayas,Private,177,32,1:6,2019
,Eastern Visayas,Private,210,19,1:11,2019
,Eastern Visayas,Private,1291,41,1:31,2019
,Eastern Visayas,Private,285,11,1:26,2019
,Eastern Visayas,Private,65,18,1:4,2019
,Eastern Visayas,Private,25,4,1:6,2019
,Eastern Visayas,Private,2606,125,1:21,2019
,Eastern Visayas,Private,656,33,1:20,2019
,Eastern Visayas,Private,2137,67,1:32,2019
,Eastern Visayas,Private,296,35,1:8,2019
,Eastern Visayas,Private,195,19,1:10,2019
,Eastern Visayas,Private,54,17,1:3,2019
,Eastern Visayas,Private,2938,130,1:23,2019
,Eastern Visayas,Private,214,28,1:8,2019
,Eastern Visayas,Private,31,19,1:2,2019
,Eastern Visayas,Private,870,39,1:22,2019
,Eastern Visayas,Private,475,21,1:23,2019
,Eastern Visayas,Private,187,19,1:10,2019
,Eastern Visayas,Private,289,32,1:9,2019
,Eastern Visayas,Private,785,37,1:21,2019
,Eastern Visayas,Private,780,26,1:30,2019
,Eastern Visayas,Private,679,70,1:10,2019
,Eastern Visayas,Private,40,13,1:3,2019
,Eastern Visayas,Private,1648,90,1:18,2019
,Zamboanga,Private,46,9,1:5,2019
,Zamboanga,Private,52,16,1:3,2019
,Zamboanga,Private,920,8,1:115,2019
,Zamboanga,Private,1097,76,1:14,2019
,Zamboanga,Private,2869,245,1:12,2019
,Zamboanga,Private,474,40,1:12,2019
,Zamboanga,Private,158,16,1:10,2019
,Zamboanga,Private,366,24,1:15,2019
,Zamboanga,Private,632,70,1:9,2019
,Zamboanga,Private,856,65,1:13,2019
,Zamboanga,Private,851,41,1:21,2019
,Zamboanga,Private,24,6,1:4,2019
,Zamboanga,Private,118,9,1:13,2019
,Zamboanga,Private,408,33,1:12,2019
,Zamboanga,Private,639,41,1:16,2019
,Zamboanga,Private,1671,50,1:33,2019
,Zamboanga,Private,190,27,1:7,2019
,Zamboanga,Private,232,28,1:8,2019
,Zamboanga,Private,373,17,1:22,2019
,Zamboanga,Private,79,13,1:6,2019
,Zamboanga,Private,151,25,1:6,2019
,Zamboanga,Private,48,11,1:4,2019
,Zamboanga,Private,71,24,1:3,2019
,Zamboanga,Private,320,16,1:20,2019
,Zamboanga,Private,261,16,1:16,2019
,Zamboanga,Private,236,17,1:14,2019
,Zamboanga,Private,360,34,1:11,2019
,Zamboanga,Private,341,13,1:26,2019
,Zamboanga,Private,913,43,1:21,2019
,Zamboanga,Private,1149,60,1:19,2019
,Zamboanga,Private,613,47,1:13,2019
,Zamboanga,Private,118,10,1:12,2019
,Zamboanga,Private,3041,149,1:20,2019
,Zamboanga,Private,281,31,1:9,2019
,Zamboanga,Private,1409,46,1:31,2019
,Zamboanga,Private,3385,100,1:34,2019
,Zamboanga,Private,1285,28,1:46,2019
,Zamboanga,Private,1700,44,1:39,2019
,Zamboanga,Private,162,21,1:8,2019
,Zamboanga,Private,52,2,1:26,2019
,Zamboanga,Private,6695,148,1:45,2019
,Zamboanga,Private,625,46,1:14,2019
,Zamboanga,Private,125,22,1:6,2019
,Zamboanga,Private,213,28,1:8,2019
,Zamboanga,Private,95,17,1:6,2019
,Zamboanga,Private,345,32,1:11,2019
,Zamboanga,Private,7115,124,1:57,2019
,Zamboanga,Private,169,10,1:17,2019
,Zamboanga,Private,116,17,1:7,2019
,Zamboanga,Private,52,9,1:6,2019
,Zamboanga,Private,132,16,1:8,2019
,Zamboanga,Private,975,39,1:25,2019
,Zamboanga,Private,920,42,1:22,2019
,Northern Mindanao ,Private,230,13,1:18,2019
,Northern Mindanao ,Private,691,50,1:14,2019
,Northern Mindanao ,Private,45,12,1:4,2019
,Northern Mindanao ,Private,96,9,1:11,2019
,Northern Mindanao ,Private,45,13,1:3,2019
,Northern Mindanao ,Private,9955,201,1:50,2019
,Northern Mindanao ,Private,3855,146,1:26,2019
,Northern Mindanao ,Private,800,48,1:17,2019
,Northern Mindanao ,Private,845,44,1:19,2019
,Northern Mindanao ,Private,121,15,1:8,2019
,Northern Mindanao ,Private,400,14,1:29,2019
,Northern Mindanao ,Private,253,22,1:12,2019
,Northern Mindanao ,Private,553,14,1:40,2019
,Northern Mindanao ,Private,1631,25,1:65,2019
,Northern Mindanao ,Private,1727,45,1:38,2019
,Northern Mindanao ,Private,564,61,1:9,2019
,Northern Mindanao ,Private,738,40,1:18,2019
,Northern Mindanao ,Private,2186,116,1:19,2019
,Northern Mindanao ,Private,2749,138,1:20,2019
,Northern Mindanao ,Private,552,28,1:20,2019
,Northern Mindanao ,Private,6023,350,1:17,2019
,Northern Mindanao ,Private,1359,123,1:11,2019
,Northern Mindanao ,Private,843,45,1:19,2019
,Northern Mindanao ,Private,377,53,1:7,2019
,Northern Mindanao ,Private,3025,81,1:37,2019
,Northern Mindanao ,Private,1190,30,1:40,2019
,Northern Mindanao ,Private,552,15,1:37,2019
,Northern Mindanao ,Private,586,27,1:22,2019
,Northern Mindanao ,Private,979,51,1:19,2019
,Northern Mindanao ,Private,3885,159,1:24,2019
,Northern Mindanao ,Private,416,36,1:12,2019
,Northern Mindanao ,Private,1149,104,1:11,2019
,Northern Mindanao ,Private,1844,68,1:27,2019
,Northern Mindanao ,Private,37,12,1:3,2019
,Northern Mindanao ,Private,6,2,1:3,2019
,Northern Mindanao ,Private,23,11,1:2,2019
,Northern Mindanao ,Private,305,17,1:18,2019
,Northern Mindanao ,Private,1293,44,1:29,2019
,Northern Mindanao ,Private,896,25,1:36,2019
,Northern Mindanao ,Private,26,17,1:2,2019
,Northern Mindanao ,Private,617,53,1:12,2019
,Northern Mindanao ,Private,1067,34,1:31,2019
,Northern Mindanao ,Private,820,25,1:33,2019
,Northern Mindanao ,Private,599,29,1:21,2019
,Northern Mindanao ,Private,797,53,1:15,2019
,Northern Mindanao ,Private,681,37,1:18,2019
,Northern Mindanao ,Private,557,19,1:29,2019
,Northern Mindanao ,Private,138,9,1:15,2019
,Northern Mindanao ,Private,630,21,1:30,2019
,Northern Mindanao ,Private,2834,73,1:39,2019
,Northern Mindanao ,Private,74,21,1:4,2019
,Northern Mindanao ,Private,14,14,1:1,2019
,Northern Mindanao ,Private,2259,102,1:22,2019
,Northern Mindanao ,Private,2952,120,1:25,2019
,Northern Mindanao ,Private,572,48,1:12,2019
,Northern Mindanao ,Private,446,35,1:13,2019
,Northern Mindanao ,Private,600,25,1:24,2019
,Northern Mindanao ,Private,53,9,1:6,2019
,Northern Mindanao ,Private,22,10,1:2,2019
,Northern Mindanao ,Private,191,17,1:11,2019
,Northern Mindanao ,Private,125,21,1:6,2019
,Northern Mindanao ,Private,2121,65,1:33,2019
,Northern Mindanao ,Private,80,14,1:6,2019
,Northern Mindanao ,Private,6542,409,1:16,2019
,Davao Region,Private,347,56,1:6,2019
,Davao Region,Private,452,52,1:9,2019
,Davao Region,Private,233,12,1:19,2019
,Davao Region,Private,231,18,1:13,2019
,Davao Region,Private,1074,35,1:31,2019
,Davao Region,Private,587,25,1:23,2019
,Davao Region,Private,655,40,1:16,2019
,Davao Region,Private,506,22,1:23,2019
,Davao Region,Private,875,58,1:15,2019
,Davao Region,Private,907,52,1:17,2019
,Davao Region,Private,7082,534,1:13,2019
,Davao Region,Private,747,40,1:19,2019
,Davao Region,Private,172,8,1:22,2019
,Davao Region,Private,652,58,1:11,2019
,Davao Region,Private,2639,110,1:24,2019
,Davao Region,Private,1661,35,1:47,2019
,Davao Region,Private,2473,156,1:16,2019
,Davao Region,Private,3040,542,1:6,2019
,Davao Region,Private,360,17,1:21,2019
,Davao Region,Private,707,41,1:17,2019
,Davao Region,Private,1856,97,1:19,2019
,Davao Region,Private,46,15,1:3,2019
,Davao Region,Private,263,21,1:13,2019
,Davao Region,Private,56,11,1:5,2019
,Davao Region,Private,345,45,1:8,2019
,Davao Region,Private,548,24,1:23,2019
,Davao Region,Private,270,16,1:17,2019
,Davao Region,Private,6653,265,1:25,2019
,Davao Region,Private,98,16,1:6,2019
,Davao Region,Private,95,12,1:8,2019
,Davao Region,Private,361,22,1:16,2019
,Davao Region,Private,821,73,1:11,2019
,Davao Region,Private,29,23,1:1,2019
,Davao Region,Private,432,19,1:23,2019
,Davao Region,Private,791,39,1:20,2019
,Davao Region,Private,646,27,1:24,2019
,Davao Region,Private,525,35,1:15,2019
,Davao Region,Private,352,25,1:14,2019
,Davao Region,Private,2929,67,1:44,2019
,Davao Region,Private,105,27,1:4,2019
,Davao Region,Private,827,64,1:13,2019
,Davao Region,Private,9,5,1:2,2019
,Davao Region,Private,1229,32,1:38,2019
,Davao Region,Private,1173,9,1:130,2019
,Davao Region,Private,128,10,1:13,2019
,Davao Region,Private,1670,108,1:15,2019
,Davao Region,Private,671,43,1:16,2019
,Davao Region,Private,135,18,1:8,2019
,Davao Region,Private,116,15,1:8,2019
,Davao Region,Private,564,49,1:12,2019
,Davao Region,Private,214,13,1:16,2019
,Davao Region,Private,4075,85,1:48,2019
,Davao Region,Private,259,18,1:14,2019
,Davao Region,Private,474,31,1:15,2019
,Davao Region,Private,2929,56,1:52,2019
,Davao Region,Private,114,13,1:9,2019
,Davao Region,Private,82,21,1:4,2019
,Davao Region,Private,2306,69,1:33,2019
,Davao Region,Private,476,28,1:17,2019
,Davao Region,Private,555,35,1:16,2019
,Davao Region,Private,1724,71,1:24,2019
,Davao Region,Private,740,83,1:9,2019
,Davao Region,Private,723,34,1:21,2019
,Davao Region,Private,339,27,1:13,2019
,Davao Region,Private,398,39,1:10,2019
,Davao Region,Private,84,17,1:5,2019
,Davao Region,Private,2033,103,1:20,2019
,Davao Region,Private,383,24,1:16,2019
,Davao Region,Private,2719,101,1:27,2019
,Davao Region,Private,1018,40,1:25,2019
,Davao Region,Private,414,32,1:13,2019
,Davao Region,Private,8931,212,1:42,2019
,Davao Region,Private,23844,495,1:48,2019
,Davao Region,Private,3705,202,1:18,2019
,Soccsksargen,Private,31,13,1:2,2019
,Soccsksargen,Private,285,20,1:14,2019
,Soccsksargen,Private,183,19,1:10,2019
,Soccsksargen,Private,218,17,1:13,2019
,Soccsksargen,Private,12,10,1:1,2019
,Soccsksargen,Private,68,10,1:7,2019
,Soccsksargen,Private,287,11,1:26,2019
,Soccsksargen,Private,66,10,1:7,2019
,Soccsksargen,Private,195,30,1:7,2019
,Soccsksargen,Private,922,24,1:38,2019
,Soccsksargen,Private,2234,91,1:25,2019
,Soccsksargen,Private,1051,35,1:30,2019
,Soccsksargen,Private,1602,74,1:22,2019
,Soccsksargen,Private,224,34,1:7,2019
,Soccsksargen,Private,2745,71,1:39,2019
,Soccsksargen,Private,126,18,1:7,2019
,Soccsksargen,Private,369,20,1:18,2019
,Soccsksargen,Private,985,41,1:24,2019
,Soccsksargen,Private,122,22,1:6,2019
,Soccsksargen,Private,1437,33,1:44,2019
,Soccsksargen,Private,523,53,1:10,2019
,Soccsksargen,Private,28,12,1:2,2019
,Soccsksargen,Private,4649,150,1:31,2019
,Soccsksargen,Private,3062,31,1:99,2019
,Soccsksargen,Private,574,24,1:24,2019
,Soccsksargen,Private,869,40,1:22,2019
,Soccsksargen,Private,927,20,1:46,2019
,Soccsksargen,Private,616,21,1:29,2019
,Soccsksargen,Private,3160,105,1:30,2019
,Soccsksargen,Private,700,18,1:39,2019
,Soccsksargen,Private,102,16,1:6,2019
,Soccsksargen,Private,268,19,1:14,2019
,Soccsksargen,Private,317,45,1:7,2019
,Soccsksargen,Private,37,10,1:4,2019
,Soccsksargen,Private,633,48,1:13,2019
,Soccsksargen,Private,1215,13,1:93,2019
,Soccsksargen,Private,104,20,1:5,2019
,Soccsksargen,Private,37,12,1:3,2019
,Soccsksargen,Private,38,17,1:2,2019
,Soccsksargen,Private,4,4,1:1,2019
,Soccsksargen,Private,267,19,1:14,2019
,Soccsksargen,Private,990,69,1:14,2019
,Soccsksargen,Private,1204,61,1:20,2019
,Soccsksargen,Private,498,47,1:11,2019
,Soccsksargen,Private,23,15,1:2,2019
,Soccsksargen,Private,10,13,1:1,2019
,Soccsksargen,Private,436,42,1:10,2019
,Soccsksargen,Private,22,7,1:3,2019
,Soccsksargen,Private,206,19,1:11,2019
,Soccsksargen,Private,3074,154,1:20,2019
,Soccsksargen,Private,912,75,1:12,2019
,Soccsksargen,Private,2723,153,1:18,2019
,Soccsksargen,Private,1315,85,1:15,2019
,Soccsksargen,Private,669,51,1:13,2019
,Soccsksargen,Private,797,65,1:12,2019
,Soccsksargen,Private,623,22,1:28,2019
,Soccsksargen,Private,2134,171,1:12,2019
,Soccsksargen,Private,188,25,1:8,2019
,Soccsksargen,Private,419,30,1:14,2019
,Soccsksargen,Private,402,33,1:12,2019
,Soccsksargen,Private,2269,70,1:32,2019
,Soccsksargen,Private,6073,118,1:51,2019
,Soccsksargen,Private,39,11,1:4,2019
,Soccsksargen,Private,1310,37,1:35,2019
,Soccsksargen,Private,79,11,1:7,2019
,Soccsksargen,Private,112,18,1:6,2019
,Soccsksargen,Private,341,13,1:26,2019
,Soccsksargen,Private,104,22,1:5,2019
,Soccsksargen,Private,4616,87,1:53,2019
,Soccsksargen,Private,1128,58,1:19,2019
,Soccsksargen,Private,1985,152,1:13,2019
,Soccsksargen,Private,1795,34,1:53,2019
,Soccsksargen,Private,71,14,1:5,2019
,Soccsksargen,Private,227,31,1:7,2019
,Soccsksargen,Private,941,78,1:12,2019
,Soccsksargen,Private,330,23,1:14,2019
,Soccsksargen,Private,372,32,1:12,2019
,Soccsksargen,Private,661,11,1:60,2019
,Soccsksargen,Private,1117,56,1:20,2019
,Soccsksargen,Private,1003,35,1:29,2019
,Soccsksargen,Private,1839,78,1:24,2019
,Soccsksargen,Private,647,24,1:27,2019
,Soccsksargen,Private,507,26,1:20,2019
,Soccsksargen,Private,1532,48,1:32,2019
,Soccsksargen,Private,148,27,1:5,2019
,NCR,Private,151,7,1:22,2019
,NCR,Private,69,5,1:14,2019
,NCR,Private,185,8,1:23,2019
,NCR,Private,431,33,1:13,2019
,NCR,Private,18,7,1:3,2019
,NCR,Private,10392,456,1:23,2019
,NCR,Private,567,33,1:17,2019
,NCR,Private,76,18,1:4,2019
,NCR,Private,760,17,1:45,2019
,NCR,Private,142,11,1:13,2019
,NCR,Private,754,19,1:40,2019
,NCR,Private,70,6,1:12,2019
,NCR,Private,718,15,1:48,2019
,NCR,Private,221,9,1:25,2019
,NCR,Private,95,4,1:24,2019
,NCR,Private,849,20,1:42,2019
,NCR,Private,399,29,1:14,2019
,NCR,Private,97,38,1:3,2019
,NCR,Private,425,53,1:8,2019
,NCR,Private,296,39,1:8,2019
,NCR,Private,3334,182,1:18,2019
,NCR,Private,1910,40,1:48,2019
,NCR,Private,1738,107,1:16,2019
,NCR,Private,49,17,1:3,2019
,NCR,Private,112,12,1:9,2019
,NCR,Private,1433,110,1:13,2019
,NCR,Private,287,24,1:12,2019
,NCR,Private,320,10,1:32,2019
,NCR,Private,651,20,1:33,2019
,NCR,Private,854,30,1:28,2019
,NCR,Private,17,6,1:3,2019
,NCR,Private,1882,89,1:21,2019
,NCR,Private,235,29,1:8,2019
,NCR,Private,192,10,1:19,2019
,NCR,Private,248,25,1:10,2019
,NCR,Private,154,40,1:4,2019
,NCR,Private,517,76,1:7,2019
,NCR,Private,1048,76,1:14,2019
,NCR,Private,793,109,1:7,2019
,NCR,Private,333,27,1:12,2019
,NCR,Private,10982,176,1:62,2019
,NCR,Private,168,25,1:7,2019
,NCR,Private,117,13,1:9,2019
,NCR,Private,542,23,1:24,2019
,NCR,Private,823,61,1:13,2019
,NCR,Private,40,23,1:2,2019
,NCR,Private,2122,94,1:23,2019
,NCR,Private,8092,437,1:19,2019
,NCR,Private,598,44,1:14,2019
,NCR,Private,585,65,1:9,2019
,NCR,Private,398,39,1:10,2019
,NCR,Private,421,18,1:23,2019
,NCR,Private,54,9,1:6,2019
,NCR,Private,2608,203,1:13,2019
,NCR,Private,1864,67,1:28,2019
,NCR,Private,38,9,1:4,2019
,NCR,Private,99,16,1:6,2019
,NCR,Private,237,62,1:4,2019
,NCR,Private,371,42,1:9,2019
,NCR,Private,15899,1109,1:14,2019
,NCR,Private,2034,130,1:16,2019
,NCR,Private,448,27,1:17,2019
,NCR,Private,129,37,1:3,2019
,NCR,Private,72,23,1:3,2019
,NCR,Private,69,25,1:3,2019
,NCR,Private,92,24,1:4,2019
,NCR,Private,575,56,1:10,2019
,NCR,Private,82,23,1:4,2019
,NCR,Private,1772,102,1:17,2019
,NCR,Private,79,13,1:6,2019
,NCR,Private,2642,171,1:15,2019
,NCR,Private,875,94,1:9,2019
,NCR,Private,81,17,1:5,2019
,NCR,Private,675,46,1:15,2019
,NCR,Private,615,88,1:7,2019
,NCR,Private,189,34,1:6,2019
,NCR,Private,4249,424,1:10,2019
,NCR,Private,588,46,1:13,2019
,NCR,Private,75,21,1:4,2019
,NCR,Private,62,21,1:3,2019
,NCR,Private,2560,84,1:30,2019
,NCR,Private,51,18,1:3,2019
,NCR,Private,1003,23,1:44,2019
,NCR,Private,25,21,1:1,2019
,NCR,Private,261,27,1:10,2019
,NCR,Private,87,30,1:3,2019
,NCR,Private,95,17,1:6,2019
,NCR,Private,85,12,1:7,2019
,NCR,Private,147,12,1:12,2019
,NCR,Private,555,22,1:25,2019
,NCR,Private,127,25,1:5,2019
,NCR,Private,200,46,1:4,2019
,NCR,Private,374,24,1:16,2019
,NCR,Private,259,13,1:20,2019
,NCR,Private,221,12,1:18,2019
,NCR,Private,290,6,1:48,2019
,NCR,Private,1058,65,1:16,2019
,NCR,Private,389,11,1:35,2019
,NCR,Private,41,5,1:8,2019
,NCR,Private,126,28,1:5,2019
,NCR,Private,97,16,1:6,2019
,NCR,Private,215,18,1:12,2019
,NCR,Private,309,15,1:21,2019
,NCR,Private,52,13,1:4,2019
,NCR,Private,92,41,1:2,2019
,NCR,Private,784,30,1:26,2019
,NCR,Private,6904,207,1:33,2019
,NCR,Private,106,46,1:2,2019
,NCR,Private,147,21,1:7,2019
,NCR,Private,1075,66,1:16,2019
,NCR,Private,64,18,1:4,2019
,NCR,Private,52,11,1:5,2019
,NCR,Private,37,13,1:3,2019
,NCR,Private,319,18,1:18,2019
,NCR,Private,115,32,1:4,2019
,NCR,Private,2214,70,1:32,2019
,NCR,Private,7662,289,1:27,2019
,NCR,Private,243,25,1:10,2019
,NCR,Private,194,10,1:19,2019
,NCR,Private,536,59,1:9,2019
,NCR,Private,426,22,1:19,2019
,NCR,Private,2102,225,1:9,2019
,NCR,Private,1247,86,1:15,2019
,NCR,Private,1284,152,1:8,2019
,NCR,Private,10480,451,1:23,2019
,NCR,Private,58,16,1:4,2019
,NCR,Private,594,30,1:20,2019
,NCR,Private,140,24,1:6,2019
,NCR,Private,1459,62,1:24,2019
,NCR,Private,247,64,1:4,2019
,NCR,Private,69,36,1:2,2019
,NCR,Private,1397,70,1:20,2019
,NCR,Private,3,4,1:1,2019
,NCR,Private,403,40,1:10,2019
,NCR,Private,26,15,1:2,2019
,NCR,Private,2034,189,1:11,2019
,NCR,Private,1265,34,1:37,2019
,NCR,Private,200,20,1:10,2019
,NCR,Private,761,34,1:22,2019
,NCR,Private,3883,47,1:83,2019
,NCR,Private,199,25,1:8,2019
,NCR,Private,6442,301,1:21,2019
,NCR,Private,34,10,1:3,2019
,NCR,Private,50,8,1:6,2019
,NCR,Private,9802,282,1:35,2019
,NCR,Private,1058,95,1:11,2019
,NCR,Private,6686,181,1:37,2019
,NCR,Private,14523,414,1:35,2019
,NCR,Private,152,19,1:8,2019
,NCR,Private,1242,44,1:28,2019
,NCR,Private,710,18,1:39,2019
,NCR,Private,413,39,1:11,2019
,NCR,Private,40,16,1:3,2019
,NCR,Private,38,21,1:2,2019
,NCR,Private,883,67,1:13,2019
,NCR,Private,1041,69,1:15,2019
,NCR,Private,4251,89,1:48,2019
,NCR,Private,722,65,1:11,2019
,NCR,Private,1527,81,1:19,2019
,NCR,Private,122,24,1:5,2019
,NCR,Private,5116,105,1:49,2019
,NCR,Private,355,17,1:21,2019
,NCR,Private,105,26,1:4,2019
,NCR,Private,1175,45,1:26,2019
,NCR,Private,985,37,1:27,2019
,NCR,Private,76,16,1:5,2019
,NCR,Private,425,11,1:39,2019
,NCR,Private,548,10,1:55,2019
,NCR,Private,5574,8,1:697,2019
,NCR,Private,96,35,1:3,2019
,NCR,Private,352,27,1:13,2019
,NCR,Private,100,31,1:3,2019
,NCR,Private,244,37,1:7,2019
,NCR,Private,211,29,1:7,2019
,NCR,Private,442,29,1:15,2019
,NCR,Private,19,8,1:2,2019
,NCR,Private,353,42,1:8,2019
,NCR,Private,2333,115,1:20,2019
,NCR,Private,3437,391,1:9,2019
,NCR,Private,252,46,1:5,2019
,NCR,Private,248,44,1:6,2019
,NCR,Private,549,95,1:6,2019
,NCR,Private,138,7,1:20,2019
,NCR,Private,202,30,1:7,2019
,NCR,Private,101,13,1:8,2019
,NCR,Private,229,22,1:10,2019
,NCR,Private,26,7,1:4,2019
,NCR,Private,223,45,1:5,2019
,NCR,Private,215,14,1:15,2019
,NCR,Private,866,73,1:12,2019
,NCR,Private,777,7,1:111,2019
,NCR,Private,40,18,1:2,2019
,NCR,Private,82,26,1:3,2019
,NCR,Private,1193,28,1:43,2019
,NCR,Private,17,12,1:1,2019
,NCR,Private,299,10,1:30,2019
,NCR,Private,606,56,1:11,2019
,NCR,Private,3130,136,1:23,2019
,NCR,Private,471,30,1:16,2019
,NCR,Private,258,53,1:5,2019
,NCR,Private,832,92,1:9,2019
,NCR,Private,793,136,1:6,2019
,NCR,Private,20,14,1:1,2019
,NCR,Private,62,20,1:3,2019
,NCR,Private,469,32,1:15,2019
,NCR,Private,46,14,1:3,2019
,NCR,Private,434,20,1:22,2019
,NCR,Private,3341,66,1:51,2019
,NCR,Private,1091,41,1:27,2019
,NCR,Private,2436,101,1:24,2019
,NCR,Private,429,25,1:17,2019
,NCR,Private,394,16,1:25,2019
,NCR,Private,1309,76,1:17,2019
,NCR,Private,1944,61,1:32,2019
,NCR,Private,785,24,1:33,2019
,NCR,Private,452,36,1:13,2019
,NCR,Private,518,27,1:19,2019
,NCR,Private,577,21,1:27,2019
,NCR,Private,1389,57,1:24,2019
,NCR,Private,1740,63,1:28,2019
,NCR,Private,34,10,1:3,2019
,NCR,Private,137,7,1:20,2019
,NCR,Private,7745,272,1:28,2019
,NCR,Private,10816,272,1:40,2019
,NCR,Private,353,38,1:9,2019
,NCR,Private,122,13,1:9,2019
,NCR,Private,5965,220,1:27,2019
,NCR,Private,25,17,1:1,2019
,NCR,Private,2759,187,1:15,2019
,NCR,Private,7270,130,1:56,2019
,NCR,Private,199,17,1:12,2019
,NCR,Private,72,13,1:6,2019
,NCR,Private,411,21,1:20,2019
,NCR,Private,1002,55,1:18,2019
,NCR,Private,1900,228,1:8,2019
,NCR,Private,9314,226,1:41,2019
,NCR,Private,31193,2133,1:15,2019
,NCR,Private,4715,151,1:31,2019
,NCR,Private,10536,382,1:28,2019
,NCR,Private,3484,364,1:10,2019
,NCR,Private,459,9,1:51,2019
,NCR,Private,892,62,1:14,2019
,NCR,Private,792,41,1:19,2019
,NCR,Private,1051,63,1:17,2019
,Cordillera Adm. Region,Private,938,55,1:17,2019
,Cordillera Adm. Region,Private,228,15,1:15,2019
,Cordillera Adm. Region,Private,4674,68,1:69,2019
,Cordillera Adm. Region,Private,77,9,1:9,2019
,Cordillera Adm. Region,Private,678,24,1:28,2019
,Cordillera Adm. Region,Private,38,24,1:2,2019
,Cordillera Adm. Region,Private,283,27,1:10,2019
,Cordillera Adm. Region,Private,39,20,1:2,2019
,Cordillera Adm. Region,Private,36,18,1:2,2019
,Cordillera Adm. Region,Private,164,26,1:6,2019
,Cordillera Adm. Region,Private,1621,91,1:18,2019
,Cordillera Adm. Region,Private,242,20,1:12,2019
,Cordillera Adm. Region,Private,415,37,1:11,2019
,Cordillera Adm. Region,Private,572,50,1:11,2019
,Cordillera Adm. Region,Private,211,45,1:5,2019
,Cordillera Adm. Region,Private,537,53,1:10,2019
,Cordillera Adm. Region,Private,501,26,1:19,2019
,Cordillera Adm. Region,Private,50,22,1:2,2019
,Cordillera Adm. Region,Private,1935,92,1:21,2019
,Cordillera Adm. Region,Private,85,10,1:9,2019
,Cordillera Adm. Region,Private,44,10,1:4,2019
,Cordillera Adm. Region,Private,183,13,1:14,2019
,Cordillera Adm. Region,Private,916,51,1:18,2019
,Cordillera Adm. Region,Private,558,23,1:24,2019
,Cordillera Adm. Region,Private,19779,731,1:27,2019
,Cordillera Adm. Region,Private,95,29,1:3,2019
,Cordillera Adm. Region,Private,65,11,1:6,2019
,Cordillera Adm. Region,Private,79,21,1:4,2019
,Cordillera Adm. Region,Private,9740,266,1:37,2019
,Cordillera Adm. Region,Private,11029,294,1:38,2019
,Cordillera Adm. Region,Private,49,10,1:5,2019
,Cordillera Adm. Region,Private,107,39,1:3,2019
,Cordillera Adm. Region,Private,20,6,1:3,2019
,Cordillera Adm. Region,Private,1171,63,1:19,2019
,Cordillera Adm. Region,Private,44,8,1:6,2019
,Cordillera Adm. Region,Private,21,11,1:2,2019
,Cordillera Adm. Region,Private,63,10,1:6,2019
,Cordillera Adm. Region,Private,237,17,1:14,2019
,Cordillera Adm. Region,Private,314,16,1:20,2019
,Cordillera Adm. Region,Private,20,5,1:4,2019
,Cordillera Adm. Region,Private,493,13,1:38,2019
,Cordillera Adm. Region,Private,203,21,1:10,2019
,Cordillera Adm. Region,Private,441,18,1:25,2019
,Cordillera Adm. Region,Private,90,13,1:7,2019
,Cordillera Adm. Region,Private,278,34,1:8,2019
,Cordillera Adm. Region,Private,207,14,1:15,2019
,Cordillera Adm. Region,Private,612,14,1:44,2019
,Cordillera Adm. Region,Private,787,40,1:20,2019
,Cordillera Adm. Region,Private,196,26,1:8,2019
,Cordillera Adm. Region,Private,214,11,1:19,2019
,Cordillera Adm. Region,Private,242,17,1:14,2019
,Cordillera Adm. Region,Private,48,7,1:7,2019
,Cordillera Adm. Region,Private,277,8,1:35,2019
,Cordillera Adm. Region,Private,328,18,1:18,2019
,Cordillera Adm. Region,Private,713,31,1:23,2019
,Cordillera Adm. Region,Private,479,21,1:23,2019
,Cordillera Adm. Region,Private,594,16,1:37,2019
,Cordillera Adm. Region,Private,167,14,1:12,2019
,Cordillera Adm. Region,Private,104,12,1:9,2019
,Cordillera Adm. Region,Private,122,24,1:5,2019
,Cordillera Adm. Region,Private,1384,81,1:17,2019
,Cordillera Adm. Region,Private,356,27,1:13,2019
,Cordillera Adm. Region,Private,420,15,1:28,2019
,Cordillera Adm. Region,Private,351,17,1:21,2019
,Cordillera Adm. Region,Private,17,11,1:2,2019
,Cordillera Adm. Region,Private,44,6,1:7,2019
,Cordillera Adm. Region,Private,1488,50,1:30,2019
,Cordillera Adm. Region,Private,635,20,1:32,2019
,Cordillera Adm. Region,Private,65,34,1:2,2019
,Cordillera Adm. Region,Private,105,13,1:8,2019
,Cordillera Adm. Region,Private,30,10,1:3,2019
,Cordillera Adm. Region,Private,1228,97,1:13,2019
,Cordillera Adm. Region,Private,1702,8,1:213,2019
,Cordillera Adm. Region,Private,811,17,1:48,2019
,Cordillera Adm. Region,Private,255,16,1:16,2019
,Cordillera Adm. Region,Private,179,16,1:11,2019
,Cordillera Adm. Region,Private,1452,43,1:34,2019
,Cordillera Adm. Region,Private,108,13,1:8,2019
,Cordillera Adm. Region,Private,240,18,1:13,2019
,Cordillera Adm. Region,Private,535,29,1:18,2019
,Cordillera Adm. Region,Private,580,33,1:18,2019
,Cordillera Adm. Region,Private,6523,37,1:176,2019
,Cordillera Adm. Region,Private,362,27,1:13,2019
,Cordillera Adm. Region,Private,210,18,1:12,2019
,Cordillera Adm. Region,Private,367,59,1:6,2019
,Cordillera Adm. Region,Private,23,8,1:3,2019
,Cordillera Adm. Region,Private,32,7,1:5,2019
,Cordillera Adm. Region,Private,877,38,1:23,2019
,Cordillera Adm. Region,Private,868,17,1:51,2019
,Caraga,Private,1076,51,1:21,2019
,Caraga,Private,1287,41,1:31,2019
,Caraga,Private,1118,58,1:19,2019
,Caraga,Private,993,38,1:26,2019
,Caraga,Private,161,22,1:7,2019
,Caraga,Private,111,23,1:5,2019
,Caraga,Private,514,32,1:16,2019
,Caraga,Private,110,15,1:7,2019
,Caraga,Private,548,42,1:13,2019
,Caraga,Private,62,22,1:3,2019
,Caraga,Private,527,21,1:25,2019
,Caraga,Private,322,37,1:9,2019
,Caraga,Private,794,32,1:25,2019
,Caraga,Private,64,21,1:3,2019
,Caraga,Private,3707,218,1:17,2019
,Caraga,Private,505,34,1:15,2019
,Caraga,Private,236,26,1:9,2019
,Caraga,Private,1745,63,1:28,2019
,Caraga,Private,1980,80,1:25,2019
,Caraga,Private,966,45,1:21,2019
,Caraga,Private,860,48,1:18,2019
,Caraga,Private,1747,62,1:28,2019
,Caraga,Private,2752,93,1:30,2019
,Caraga,Private,1236,41,1:30,2019
,Caraga,Private,218,32,1:7,2019
,Caraga,Private,78,17,1:5,2019
,Caraga,Private,902,64,1:14,2019
,Caraga,Private,356,26,1:14,2019
,Caraga,Private,134,15,1:9,2019
,Caraga,Private,906,59,1:15,2019
,Caraga,Private,1030,41,1:25,2019
,Caraga,Private,1382,74,1:19,2019
,Caraga,Private,383,35,1:11,2019
,Caraga,Private,1256,79,1:16,2019
,Caraga,Private,228,13,1:18,2019
,Caraga,Private,124,17,1:7,2019
,Caraga,Private,1287,84,1:15,2019
,Caraga,Private,93,13,1:7,2019
,MIMAROPA,Private,720,33,1:22,2019
,MIMAROPA,Private,135,14,1:10,2019
,MIMAROPA,Private,48,13,1:4,2019
,MIMAROPA,Private,429,38,1:11,2019
,MIMAROPA,Private,111,12,1:9,2019
,MIMAROPA,Private,319,19,1:17,2019
,MIMAROPA,Private,2540,114,1:22,2019
,MIMAROPA,Private,816,38,1:21,2019
,MIMAROPA,Private,245,16,1:15,2019
,MIMAROPA,Private,693,29,1:24,2019
,MIMAROPA,Private,1350,23,1:59,2019
,MIMAROPA,Private,15,8,1:2,2019
,MIMAROPA,Private,257,27,1:10,2019
,MIMAROPA,Private,1607,40,1:40,2019
,MIMAROPA,Private,61,14,1:4,2019
,MIMAROPA,Private,711,72,1:10,2019
,MIMAROPA,Private,1481,57,1:26,2019
,MIMAROPA,Private,185,19,1:10,2019
,MIMAROPA,Private,1178,59,1:20,2019
,MIMAROPA,Private,41,5,1:8,2019
,MIMAROPA,Private,475,45,1:11,2019
,MIMAROPA,Private,15,6,1:3,2019
,MIMAROPA,Private,135,34,1:4,2019
,MIMAROPA,Private,9,7,1:1,2019
,MIMAROPA,Private,793,39,1:20,2019
,MIMAROPA,Private,392,18,1:22,2019
,MIMAROPA,Private,527,29,1:18,2019
,MIMAROPA,Private,237,22,1:11,2019
,MIMAROPA,Private,375,20,1:19,2019
,MIMAROPA,Private,210,10,1:21,2019
,MIMAROPA,Private,57,16,1:4,2019
,MIMAROPA,Private,132,17,1:8,2019
,MIMAROPA,Private,20,7,1:3,2019
,MIMAROPA,Private,850,22,1:39,2019
,MIMAROPA,Private,19,10,1:2,2019
,MIMAROPA,Private,157,27,1:6,2019
,MIMAROPA,Private,489,27,1:18,2019
,MIMAROPA,Private,388,33,1:12,2019
,MIMAROPA,Private,137,15,1:9,2019
,MIMAROPA,Private,225,29,1:8,2019
,Ilocos Region,Public,13533,674,1:20,2019
,Ilocos Region,Public,4889,256,1:19,2019
,Ilocos Region,Public,7979,553,1:14,2019
,Ilocos Region,Public,2371,102,1:23,2019
,Ilocos Region,Public,20355,693,1:29,2019
,Ilocos Region,Public,7037,516,1:14,2019
,Cagayan Valley,Public,698,45,1:16,2019
,Cagayan Valley,Public,21914,1014,1:22,2019
,Cagayan Valley,Public,22038,585,1:38,2019
,Cagayan Valley,Public,9143,395,1:23,2019
,Cagayan Valley,Public,3800,222,1:17,2019
,Central Luzon,Public,2498,107,1:23,2019
,Central Luzon,Public,12108,431,1:28,2019
,Central Luzon,Public,3409,155,1:22,2019
,Central Luzon,Public,33718,1333,1:25,2019
,Central Luzon,Public,9628,498,1:19,2019
,Central Luzon,Public,20536,408,1:50,2019
,Central Luzon,Public,24391,626,1:39,2019
,Central Luzon,Public,4557,196,1:23,2019
,Central Luzon,Public,775,82,1:9,2019
,Central Luzon,Public,8693,377,1:23,2019
,Central Luzon,Public,4042,174,1:23,2019
,Central Luzon,Public,16593,188,1:88,2019
,CALABARZON,Public,40431,1088,1:37,2019
,CALABARZON,Public,40819,1404,1:29,2019
,CALABARZON,Public,23040,747,1:31,2019
,CALABARZON,Public,8309,367,1:23,2019
,CALABARZON,Public,15811,596,1:27,2019
,Bicol Region,Public,3981,145,1:27,2019
,Bicol Region,Public,15947,669,1:24,2019
,Bicol Region,Public,5297,204,1:26,2019
,Bicol Region,Public,5122,187,1:27,2019
,Bicol Region,Public,6551,269,1:24,2019
,Bicol Region,Public,9499,392,1:24,2019
,Bicol Region,Public,4619,156,1:30,2019
,Bicol Region,Public,5579,298,1:19,2019
,Bicol Region,Public,7634,263,1:29,2019
,Western Visayas,Public,6566,323,1:20,2019
,Western Visayas,Public,10187,414,1:25,2019
,Western Visayas,Public,11627,357,1:33,2019
,Western Visayas,Public,7310,244,1:30,2019
,Western Visayas,Public,12883,558,1:23,2019
,Western Visayas,Public,4770,206,1:23,2019
,Western Visayas,Public,11102,458,1:24,2019
,Western Visayas,Public,4650,219,1:21,2019
,Western Visayas,Public,7971,352,1:23,2019
,Western Visayas,Public,11395,448,1:25,2019
,Western Visayas,Public,13769,805,1:17,2019
,Central Visayas,Public,16170,512,1:32,2019
,Central Visayas,Public,6913,238,1:29,2019
,Central Visayas,Public,39398,1266,1:31,2019
,Eastern Visayas,Public,26411,1159,1:23,2019
,Eastern Visayas,Public,1472,62,1:24,2019
,Eastern Visayas,Public,13068,553,1:24,2019
,Eastern Visayas,Public,19462,734,1:27,2019
,Eastern Visayas,Public,5951,327,1:18,2019
,Eastern Visayas,Public,6945,311,1:22,2019
,Eastern Visayas,Public,7182,200,1:36,2019
,Eastern Visayas,Public,4366,191,1:23,2019
,Eastern Visayas,Public,6518,255,1:26,2019
,Eastern Visayas,Public,8939,408,1:22,2019
,Eastern Visayas,Public,12635,532,1:24,2019
,Eastern Visayas,Public,10972,643,1:17,2019
,Zamboanga Peninsula,Public,4240,113,1:38,2019
,Zamboanga Peninsula,Public,13642,611,1:22,2019
,Zamboanga Peninsula,Public,21753,139,1:156,2019
,Zamboanga Peninsula,Public,33034,1546,1:21,2019
,Zamboanga Peninsula,Public,6494,210,1:31,2019
,Zamboanga Peninsula,Public,4530,155,1:29,2019
,Northern Mindanao,Public,14572,893,1:16,2019
,Northern Mindanao,Public,2161,97,1:22,2019
,Northern Mindanao,Public,7930,405,1:20,2019
,Northern Mindanao,Public,8514,401,1:21,2019
,Northern Mindanao,Public,2584,110,1:23,2019
,Northern Mindanao,Public,11359,575,1:20,2019
,Northern Mindanao,Public,1437,96,1:15,2019
,Davao Region,Public,4850,201,1:24,2019
,Davao Region,Public,3165,109,1:29,2019
,Davao Region,Public,9162,350,1:26,2019
,Davao Region,Public,4695,122,1:38,2019
,Davao Region,Public,11271,371,1:30,2019
,Soccsksargen,Public,7329,218,1:34,2019
,Soccsksargen,Public,3454,343,1:10,2019
,Soccsksargen,Public,10849,386,1:28,2019
,Soccsksargen,Public,13026,497,1:26,2019
,National Capital Region,Public,22011,482,1:46,2019
,National Capital Region,Public,4805,97,1:50,2019
,National Capital Region,Public,7895,388,1:20,2019
,National Capital Region,Public,10853,334,1:32,2019
,National Capital Region,Public,58167,1887,1:31,2019
,National Capital Region,Public,22895,561,1:41,2019
,National Capital Region,Public,19527,780,1:25,2019
,Cordillera Administrative Region,Public,57139,3690,1:15,2019
,Cordillera Administrative Region,Public,2908,151,1:19,2019
,Cordillera Administrative Region,Public,2586,115,1:22,2019
,Cordillera Administrative Region,Public,7419,405,1:18,2019
,Cordillera Administrative Region,Public,5458,256,1:21,2019
,Cordillera Administrative Region,Public,4876,225,1:22,2019
,Cordillera Administrative Region,Public,3695,229,1:16,2019
,ARMM,Public,3142,35,1:90,2019
,ARMM,Public,28773,1713,1:17,2019
,ARMM,Public,1890,128,1:15,2019
,ARMM,Public,6725,175,1:38,2019
,ARMM,Public,2894,126,1:23,2019
,Caraga,Public,4225,125,1:34,2019
,Caraga,Public,7101,346,1:21,2019
,Caraga,Public,10558,389,1:27,2019
,Caraga,Public,11049,248,1:45,2019
,MIMAROPA,Public,5252,313,1:17,2019
,MIMAROPA,Public,5978,265,1:23,2019
,MIMAROPA,Public,8449,317,1:27,2019
,MIMAROPA,Public,24678,814,1:30,2019
,MIMAROPA,Public,9109,382,1:24,2019
,MIMAROPA,Public,7477,314,1:24,2019